year,etype,event_group,sex,sex_group,dco,dco_group,crude,rateadj,lb_gam,ub_gam,display_crude,display_adjusted,display_lower,display_upper,suppression_status,period_status,coverage_end
2010,Stroke,Stroke,Male,Male,Without DCO,Without DCO,154.3972801740202,122.9362034089707,106.5449350766104,141.2687914795645,154.4,122.9,106.5,141.3,none,complete,2024-01-31
2010,Stroke,Stroke,Total,Total,Without DCO,Without DCO,155.8619912913475,108.1913188786487,98.05152157731582,119.1848964215667,155.9,108.2,98.1,119.2,none,complete,2024-01-31
2010,Stroke,Stroke,Female,Female,Without DCO,Without DCO,157.2015344539159,95.22107528394432,82.81920549957226,109.1923811472631,157.2,95.2,82.8,109.2,none,complete,2024-01-31
2010,Stroke,Stroke,Male,Male,DCO added,DCO added,197.7502110603214,158.394340007861,139.6350831549432,179.096744811409,197.8,158.4,139.6,179.1,none,complete,2024-01-31
2010,Stroke,Stroke,Total,Total,DCO added,DCO added,211.0858203735965,143.7644233562593,132.12321975658,156.2491969629968,211.1,143.8,132.1,156.2,none,complete,2024-01-31
2010,Stroke,Stroke,Female,Female,DCO added,DCO added,223.2818254854293,129.8496684490071,115.557535463334,145.670674307582,223.3,129.8,115.6,145.7,none,complete,2024-01-31
2010,AMI,AMI,Male,Male,Without DCO,Without DCO,50.19813049992774,39.87198621534205,30.80644052190146,50.92255099517249,50.2,39.9,30.8,50.9,none,complete,2024-01-31
2010,AMI,AMI,Female,Female,Without DCO,Without DCO,41.73492065148211,26.75184202337279,20.24767095361048,34.92614500862516,41.7,26.8,20.2,34.9,none,complete,2024-01-31
2010,AMI,AMI,Total,Total,Without DCO,Without DCO,45.7776477918643,32.85915690552349,27.30958800092504,39.29497804008098,45.8,32.9,27.3,39.3,none,complete,2024-01-31
2010,AMI,AMI,Total,Total,DCO added,DCO added,124.9802447650898,85.93946563238552,76.94679268718295,95.78687785050495,125.0,85.9,76.9,95.8,none,complete,2024-01-31
2010,AMI,AMI,Male,Male,DCO added,DCO added,125.4953262498194,100.2599160472321,85.45524376586366,117.0219957748503,125.5,100.3,85.5,117.0,none,complete,2024-01-31
2010,AMI,AMI,Female,Female,DCO added,DCO added,124.5091799435883,73.47882739794025,62.76159437695832,85.75626640864378,124.5,73.5,62.8,85.8,none,complete,2024-01-31
2011,Stroke,Stroke,Female,Female,Without DCO,Without DCO,139.4240607084269,86.95546423723086,74.9788887308999,100.5246996405145,139.4,87.0,75.0,100.5,none,complete,2024-01-31
2011,Stroke,Stroke,Total,Total,Without DCO,Without DCO,139.4225372004679,97.05979007455471,87.4604455808679,107.5140385982077,139.4,97.1,87.5,107.5,none,complete,2024-01-31
2011,Stroke,Stroke,Male,Male,Without DCO,Without DCO,139.4208729716725,109.3085073943427,94.00171469098375,126.539393332883,139.4,109.3,94.0,126.5,none,complete,2024-01-31
2011,Stroke,Stroke,Female,Female,DCO added,DCO added,209.482917084303,123.9554847073153,109.9031214692418,139.5487262115296,209.5,124.0,109.9,139.5,none,complete,2024-01-31
2011,Stroke,Stroke,Male,Male,DCO added,DCO added,197.7654774217746,155.3678741286371,136.9954970475608,175.6551294377963,197.8,155.4,137.0,175.7,none,complete,2024-01-31
2011,Stroke,Stroke,Total,Total,DCO added,DCO added,203.882827126918,138.7541265825785,127.3531522011403,150.9953473174922,203.9,138.8,127.4,151.0,none,complete,2024-01-31
2011,AMI,AMI,Male,Male,Without DCO,Without DCO,56.07143804295527,44.35043931181075,34.78166075918364,55.88866648617856,56.1,44.4,34.8,55.9,none,complete,2024-01-31
2011,AMI,AMI,Female,Female,Without DCO,Without DCO,31.2143419496478,20.73646207799785,15.01009087406779,28.1677409041896,31.2,20.7,15.0,28.2,none,complete,2024-01-31
2011,AMI,AMI,Total,Total,Without DCO,Without DCO,43.09423877105371,31.53769305279901,26.06863880346284,37.89981847793944,43.1,31.5,26.1,37.9,none,complete,2024-01-31
2011,AMI,AMI,Female,Female,DCO added,DCO added,87.40015745901384,50.74967043310149,41.96657566862606,61.09954094297363,87.4,50.7,42.0,61.1,none,complete,2024-01-31
2011,AMI,AMI,Total,Total,DCO added,DCO added,106.4681193167209,73.06141617994749,64.81493688998465,82.16076640476371,106.5,73.1,64.8,82.2,none,complete,2024-01-31
2011,AMI,AMI,Male,Male,DCO added,DCO added,127.2973188002228,101.0018207927442,86.22979119392035,117.7132665587071,127.3,101.0,86.2,117.7,none,complete,2024-01-31
2012,Stroke,Stroke,Male,Male,Without DCO,Without DCO,147.2587222473947,114.5591101876762,98.9573963227672,132.0683462974107,147.3,114.6,99.0,132.1,none,complete,2024-01-31
2012,Stroke,Stroke,Total,Total,Without DCO,Without DCO,143.3536447754457,97.49631427419126,88.0019900338465,107.8317464832457,143.4,97.5,88.0,107.8,none,complete,2024-01-31
2012,Stroke,Stroke,Female,Female,Without DCO,Without DCO,139.7754597194111,83.95837064708488,72.45366393155687,97.01942149169003,139.8,84.0,72.5,97.0,none,complete,2024-01-31
2012,Stroke,Stroke,Male,Male,DCO added,DCO added,194.0794441927201,150.3759183470155,132.4532459287673,170.193323093907,194.1,150.4,132.5,170.2,none,complete,2024-01-31
2012,Stroke,Stroke,Female,Female,DCO added,DCO added,222.1184285640147,125.9849203990234,112.1661122303393,141.3033173806343,222.1,126.0,112.2,141.3,none,complete,2024-01-31
2012,Stroke,Stroke,Total,Total,DCO added,DCO added,208.7113518393139,137.9141772638837,126.7358587918266,149.9162622494262,208.7,137.9,126.7,149.9,none,complete,2024-01-31
2012,AMI,AMI,Male,Male,Without DCO,Without DCO,68.72073704878417,53.26784998392575,42.84119188337197,65.62624780622866,68.7,53.3,42.8,65.6,none,complete,2024-01-31
2012,AMI,AMI,Total,Total,Without DCO,Without DCO,67.5242608891898,46.49324333306745,39.99095849060126,53.85098446457667,67.5,46.5,40.0,53.9,none,complete,2024-01-31
2012,AMI,AMI,Female,Female,Without DCO,Without DCO,66.42794125278945,40.86182036595123,32.92192472946184,50.40106091819835,66.4,40.9,32.9,50.4,none,complete,2024-01-31
2012,AMI,AMI,Female,Female,DCO added,DCO added,139.0835019980279,80.8620697892961,69.73649372403027,93.52269745439742,139.1,80.9,69.7,93.5,none,complete,2024-01-31
2012,AMI,AMI,Male,Male,DCO added,DCO added,153.3001057242109,119.7236748946459,103.7154342652517,137.6445403551486,153.3,119.7,103.7,137.6,none,complete,2024-01-31
2012,AMI,AMI,Total,Total,DCO added,DCO added,145.8812909049876,98.37207799599595,88.86011806723531,108.7224294640431,145.9,98.4,88.9,108.7,none,complete,2024-01-31
2013,Stroke,Stroke,Male,Male,Without DCO,Without DCO,200.2650123471662,153.2996789949223,135.3025605175013,173.1751779734514,200.3,153.3,135.3,173.2,none,complete,2024-01-31
2013,Stroke,Stroke,Female,Female,Without DCO,Without DCO,191.9346041521392,115.8445346025665,102.2809089715444,130.9497479696862,191.9,115.8,102.3,130.9,none,complete,2024-01-31
2013,Stroke,Stroke,Total,Total,Without DCO,Without DCO,195.9195433345938,132.4310348716456,121.3747395960625,144.319964780045,195.9,132.4,121.4,144.3,none,complete,2024-01-31
2013,Stroke,Stroke,Male,Male,DCO added,DCO added,246.1904475094862,188.3604277523748,168.366982466571,210.2248463233724,246.2,188.4,168.4,210.2,none,complete,2024-01-31
2013,Stroke,Stroke,Total,Total,DCO added,DCO added,249.9414762393532,165.7643890585446,153.4727696048724,178.8782474517331,249.9,165.8,153.5,178.9,none,complete,2024-01-31
2013,Stroke,Stroke,Female,Female,DCO added,DCO added,253.3812939706299,148.1621368813434,132.9356948162251,164.9045552802178,253.4,148.2,132.9,164.9,none,complete,2024-01-31
2013,AMI,AMI,Total,Total,Without DCO,Without DCO,55.10237156285452,38.30825489503251,32.39520168078502,45.08527303965833,55.1,38.3,32.4,45.1,none,complete,2024-01-31
2013,AMI,AMI,Female,Female,Without DCO,Without DCO,44.18638368970112,27.90045463538563,21.34008115821159,36.10331467652096,44.2,27.9,21.3,36.1,none,complete,2024-01-31
2013,AMI,AMI,Male,Male,Without DCO,Without DCO,67.00596277781123,51.63242359260592,41.39609751927116,63.79460672576739,67.0,51.6,41.4,63.8,none,complete,2024-01-31
2013,AMI,AMI,Total,Total,DCO added,DCO added,126.7714692165019,84.3951127208295,75.67065226430429,93.95191236093196,126.8,84.4,75.7,94.0,none,complete,2024-01-31
2013,AMI,AMI,Female,Female,DCO added,DCO added,111.1563714694044,64.06390384293277,54.2616647640161,75.40226371269704,111.2,64.1,54.3,75.4,none,complete,2024-01-31
2013,AMI,AMI,Male,Male,DCO added,DCO added,143.7993133771005,111.5227289132213,96.17051452512659,128.7755128683269,143.8,111.5,96.2,128.8,none,complete,2024-01-31
2014,Stroke,Stroke,Female,Female,Without DCO,Without DCO,179.1324477760018,106.6020394396615,93.58135358753792,121.1705261324563,179.1,106.6,93.6,121.2,none,complete,2024-01-31
2014,Stroke,Stroke,Total,Total,Without DCO,Without DCO,172.8052653512869,115.2944808349511,105.0457394097136,126.3720777829732,172.8,115.3,105.0,126.4,none,complete,2024-01-31
2014,Stroke,Stroke,Male,Male,Without DCO,Without DCO,165.9109336055974,125.330964685123,109.2434493511974,143.282240844149,165.9,125.3,109.2,143.3,none,complete,2024-01-31
2014,Stroke,Stroke,Female,Female,DCO added,DCO added,217.7148211431406,126.5074844318548,112.406810994666,142.1361561412832,217.7,126.5,112.4,142.1,none,complete,2024-01-31
2014,Stroke,Stroke,Total,Total,DCO added,DCO added,209.8093034618535,137.4194431406694,126.3043965945279,149.3534219410792,209.8,137.4,126.3,149.4,none,complete,2024-01-31
2014,Stroke,Stroke,Male,Male,DCO added,DCO added,201.1951593045254,151.6928803784971,133.9665715715105,171.2737735784108,201.2,151.7,134.0,171.3,none,complete,2024-01-31
2014,AMI,AMI,Female,Female,Without DCO,Without DCO,75.09783387532381,44.40404028499299,36.25567981374994,54.11832635317543,75.1,44.4,36.3,54.1,none,complete,2024-01-31
2014,AMI,AMI,Male,Male,Without DCO,Without DCO,93.84102579502117,70.39636618970988,58.53427046318028,84.13322187257511,93.8,70.4,58.5,84.1,none,complete,2024-01-31
2014,AMI,AMI,Total,Total,Without DCO,Without DCO,84.06742638711253,56.09852389363272,49.04960340796735,63.98271261247685,84.1,56.1,49.0,64.0,none,complete,2024-01-31
2014,AMI,AMI,Total,Total,DCO added,DCO added,147.2976274304108,95.20337879103312,86.07746370994175,105.1439571138397,147.3,95.2,86.1,105.1,none,complete,2024-01-31
2014,AMI,AMI,Male,Male,DCO added,DCO added,165.1602053992373,124.0287372931417,108.0933820611643,141.8192635432695,165.2,124.0,108.1,141.8,none,complete,2024-01-31
2014,AMI,AMI,Female,Female,DCO added,DCO added,130.9044810670782,72.28720220218993,62.05675911209831,84.01755403299036,130.9,72.3,62.1,84.0,none,complete,2024-01-31
2015,Stroke,Stroke,Male,Male,Without DCO,Without DCO,171.4508183220281,126.4036046961164,110.4681099572835,144.1701359872748,171.5,126.4,110.5,144.2,none,complete,2024-01-31
2015,Stroke,Stroke,Female,Female,Without DCO,Without DCO,175.3493233579051,102.4415642539458,89.81521523797582,116.6007393615254,175.3,102.4,89.8,116.6,none,complete,2024-01-31
2015,Stroke,Stroke,Total,Total,Without DCO,Without DCO,173.4829205347862,113.8466164557448,103.7698060331106,124.7422337153961,173.5,113.8,103.8,124.7,none,complete,2024-01-31
2015,Stroke,Stroke,Female,Female,DCO added,DCO added,219.3585652987127,123.9921518551216,110.2749499825227,139.21079404373,219.4,124.0,110.3,139.2,none,complete,2024-01-31
2015,Stroke,Stroke,Total,Total,DCO added,DCO added,210.0433707301337,135.5038216463873,124.5858740161545,147.2305796678731,210.0,135.5,124.6,147.2,none,complete,2024-01-31
2015,Stroke,Stroke,Male,Male,DCO added,DCO added,199.9011724540676,147.3629208052293,130.1241429211811,166.4267826169829,199.9,147.4,130.1,166.4,none,complete,2024-01-31
2015,AMI,AMI,Male,Male,Without DCO,Without DCO,83.10498180674722,63.09685000160035,51.80899803454079,76.27856038778745,83.1,63.1,51.8,76.3,none,complete,2024-01-31
2015,AMI,AMI,Female,Female,Without DCO,Without DCO,68.76444053251183,40.4361693773815,32.72591885507415,49.7087406678241,68.8,40.4,32.7,49.7,none,complete,2024-01-31
2015,AMI,AMI,Total,Total,Without DCO,Without DCO,75.62995089429728,51.21462084378385,44.43108786948455,58.84271172516938,75.6,51.2,44.4,58.8,none,complete,2024-01-31
2015,AMI,AMI,Total,Total,DCO added,DCO added,116.8500663106204,76.65063062780069,68.42782522284952,85.69701603660448,116.9,76.7,68.4,85.7,none,complete,2024-01-31
2015,AMI,AMI,Male,Male,DCO added,DCO added,126.5292065345971,95.25325376013039,81.32857235783081,111.0438927820159,126.5,95.3,81.3,111.0,none,complete,2024-01-31
2015,AMI,AMI,Female,Female,DCO added,DCO added,107.9601716360436,60.61117807054843,51.26283142332087,71.4702755433526,108.0,60.6,51.3,71.5,none,complete,2024-01-31
2016,Stroke,Stroke,Total,Total,Without DCO,Without DCO,201.0032278543263,131.6596962749023,120.7874963011281,143.3502767378112,201.0,131.7,120.8,143.4,none,complete,2024-01-31
2016,Stroke,Stroke,Male,Male,Without DCO,Without DCO,194.9113937284832,141.2105044764019,124.4868353670205,159.7410162547676,194.9,141.2,124.5,159.7,none,complete,2024-01-31
2016,Stroke,Stroke,Female,Female,Without DCO,Without DCO,206.6023522467148,122.0374529184814,108.0045798312025,137.6229451043475,206.6,122.0,108.0,137.6,none,complete,2024-01-31
2016,Stroke,Stroke,Female,Female,DCO added,DCO added,269.0635285073495,154.119845732624,138.5218393555297,171.2396395274934,269.1,154.1,138.5,171.2,none,complete,2024-01-31
2016,Stroke,Stroke,Total,Total,DCO added,DCO added,257.8706891156037,165.7800226081656,153.6697374695791,178.697443323552,257.9,165.8,153.7,178.7,none,complete,2024-01-31
2016,Stroke,Stroke,Male,Male,DCO added,DCO added,245.69290627077,178.1143450176122,159.2772341005536,198.7505160306409,245.7,178.1,159.3,198.8,none,complete,2024-01-31
2016,AMI,AMI,Female,Female,Without DCO,Without DCO,64.52033591757871,37.98189369306495,30.47680607693326,47.06360891431889,64.5,38.0,30.5,47.1,none,complete,2024-01-31
2016,AMI,AMI,Male,Male,Without DCO,Without DCO,91.10800779645575,67.29840296203986,55.78947815580318,80.66510100645576,91.1,67.3,55.8,80.7,none,complete,2024-01-31
2016,AMI,AMI,Total,Total,Without DCO,Without DCO,77.25390963796171,51.60293056411037,44.84289315508511,59.20021003078646,77.3,51.6,44.8,59.2,none,complete,2024-01-31
2016,AMI,AMI,Female,Female,DCO added,DCO added,129.0406718351574,70.30599916827522,60.34283003109172,81.75365874186807,129.0,70.3,60.3,81.8,none,complete,2024-01-31
2016,AMI,AMI,Male,Male,DCO added,DCO added,186.6967372878192,136.0913842781499,119.6393669915642,154.3569544645713,186.7,136.1,119.6,154.4,none,complete,2024-01-31
2016,AMI,AMI,Total,Total,DCO added,DCO added,156.6537612103112,100.3394330386472,91.03423881106876,110.4511459755049,156.7,100.3,91.0,110.5,none,complete,2024-01-31
2017,Stroke,Stroke,Total,Total,Without DCO,Without DCO,193.4532838873402,123.9723359281213,113.5639366937545,135.1878912076531,193.5,124.0,113.6,135.2,none,complete,2024-01-31
2017,Stroke,Stroke,Male,Male,Without DCO,Without DCO,190.7160044997057,137.2191545338439,120.7864787258617,155.451832084937,190.7,137.2,120.8,155.5,none,complete,2024-01-31
2017,Stroke,Stroke,Female,Female,Without DCO,Without DCO,195.9709469645059,113.1776083315252,99.96735937465782,127.9086597788107,196.0,113.2,100.0,127.9,none,complete,2024-01-31
2017,Stroke,Stroke,Total,Total,DCO added,DCO added,231.2873209575581,146.3176971966924,135.0621749739743,158.3728861348576,231.3,146.3,135.1,158.4,none,complete,2024-01-31
2017,Stroke,Stroke,Male,Male,DCO added,DCO added,224.2403021656696,160.9583258774121,143.1516978768814,180.5562236715318,224.2,161.0,143.2,180.6,none,complete,2024-01-31
2017,Stroke,Stroke,Female,Female,DCO added,DCO added,237.7689461422502,133.8109322377115,119.5472274617256,149.5747908495817,237.8,133.8,119.5,149.6,none,complete,2024-01-31
2017,AMI,AMI,Total,Total,Without DCO,Without DCO,99.22511608981658,64.27742015244155,56.83370506170203,72.53887208160454,99.2,64.3,56.8,72.5,none,complete,2024-01-31
2017,AMI,AMI,Female,Female,Without DCO,Without DCO,89.76291626695902,52.75596810828777,43.88681654713601,63.17540936828195,89.8,52.8,43.9,63.2,none,complete,2024-01-31
2017,AMI,AMI,Male,Male,Without DCO,Without DCO,109.5127057088154,77.91092295868479,65.71779344313001,91.91441887091661,109.5,77.9,65.7,91.9,none,complete,2024-01-31
2017,AMI,AMI,Female,Female,DCO added,DCO added,146.6356036727422,81.18900252237805,70.33152341685567,93.54231274270639,146.6,81.2,70.3,93.5,none,complete,2024-01-31
2017,AMI,AMI,Male,Male,DCO added,DCO added,188.4810513219748,134.6241398568128,118.4325188825194,152.6062375569006,188.5,134.6,118.4,152.6,none,complete,2024-01-31
2017,AMI,AMI,Total,Total,DCO added,DCO added,166.683918035771,104.9367500158275,95.49248887329243,115.1796177064976,166.7,104.9,95.5,115.2,none,complete,2024-01-31
2018,Stroke,Stroke,Female,Female,Without DCO,Without DCO,189.5008329143107,107.6509572989069,94.81279604959167,122.0083054424994,189.5,107.7,94.8,122.0,none,complete,2024-01-31
2018,Stroke,Stroke,Male,Male,Without DCO,Without DCO,202.9181563436081,143.0913043428623,126.4204045893217,161.5442671261294,202.9,143.1,126.4,161.5,none,complete,2024-01-31
2018,Stroke,Stroke,Total,Total,Without DCO,Without DCO,195.9313955124586,124.2467056148877,113.8414699641463,135.4576184444859,195.9,124.2,113.8,135.5,none,complete,2024-01-31
2018,Stroke,Stroke,Male,Male,DCO added,DCO added,240.825943792414,170.3098314987013,152.045844443197,190.3540726972527,240.8,170.3,152.0,190.4,none,complete,2024-01-31
2018,Stroke,Stroke,Total,Total,DCO added,DCO added,240.8174970298582,151.3052783808178,139.8413257474024,163.5694740351015,240.8,151.3,139.8,163.6,none,complete,2024-01-31
2018,Stroke,Stroke,Female,Female,DCO added,DCO added,240.8097226925537,134.0696320859762,119.8046278380596,149.8342292388076,240.8,134.1,119.8,149.8,none,complete,2024-01-31
2018,AMI,AMI,Male,Male,Without DCO,Without DCO,112.2367824464645,79.96210067629868,67.61034251397369,94.12004003466771,112.2,80.0,67.6,94.1,none,complete,2024-01-31
2018,AMI,AMI,Female,Female,Without DCO,Without DCO,72.51656421991675,40.85685773962668,33.27383833425571,49.97144407273167,72.5,40.9,33.3,50.0,none,complete,2024-01-31
2018,AMI,AMI,Total,Total,Without DCO,Without DCO,91.5533975394579,58.27536898234038,51.25675840147691,66.10589742973919,91.6,58.3,51.3,66.1,none,complete,2024-01-31
2018,AMI,AMI,Female,Female,DCO added,DCO added,146.4013655005866,77.83734907328075,67.49151931907136,89.64343555516631,146.4,77.8,67.5,89.6,none,complete,2024-01-31
2018,AMI,AMI,Total,Total,DCO added,DCO added,172.0633891500318,106.8477281211683,97.37088766802206,117.1177643841468,172.1,106.8,97.4,117.1,none,complete,2024-01-31
2018,AMI,AMI,Male,Male,DCO added,DCO added,199.9449965437017,142.288370931198,125.633520607183,160.7294058385014,199.9,142.3,125.6,160.7,none,complete,2024-01-31
2019,Stroke,Stroke,Male,Male,Without DCO,Without DCO,224.7457702549344,152.2062071499426,135.3821441047416,170.7643003116569,224.7,152.2,135.4,170.8,none,complete,2024-01-31
2019,Stroke,Stroke,Female,Female,Without DCO,Without DCO,217.9132923692776,119.0917003034236,105.9175552722149,133.7422003913844,217.9,119.1,105.9,133.7,none,complete,2024-01-31
2019,Stroke,Stroke,Total,Total,Without DCO,Without DCO,221.1889796680387,135.1400033676154,124.5429919308437,146.5202517463452,221.2,135.1,124.5,146.5,none,complete,2024-01-31
2019,Stroke,Stroke,Female,Female,DCO added,DCO added,270.5130525963447,144.1067785803204,129.782086524758,159.8802864154189,270.5,144.1,129.8,159.9,none,complete,2024-01-31
2019,Stroke,Stroke,Male,Male,DCO added,DCO added,268.5081479613408,183.1048323440316,164.5530634216695,203.3906105139522,268.5,183.1,164.6,203.4,none,complete,2024-01-31
2019,Stroke,Stroke,Total,Total,DCO added,DCO added,269.5518433896678,162.501723875406,150.9502115378187,174.8279500853991,269.6,162.5,151.0,174.8,none,complete,2024-01-31
2019,AMI,AMI,Total,Total,Without DCO,Without DCO,110.5944898340194,68.35782478583205,60.83031759329027,76.68397139428846,110.6,68.4,60.8,76.7,none,complete,2024-01-31
2019,AMI,AMI,Male,Male,Without DCO,Without DCO,118.6776344580512,82.51183905874777,70.04601599795271,96.76693186495653,118.7,82.5,70.0,96.8,none,complete,2024-01-31
2019,AMI,AMI,Female,Female,Without DCO,Without DCO,103.150179146586,55.35858236917771,46.67550300452901,65.52292982944449,103.2,55.4,46.7,65.5,none,complete,2024-01-31
2019,AMI,AMI,Male,Male,DCO added,DCO added,201.0102433633242,140.5376800600694,124.0727459928953,158.7776706083728,201.0,140.5,124.1,158.8,none,complete,2024-01-31
2019,AMI,AMI,Total,Total,DCO added,DCO added,194.5182827627286,118.1014566097386,108.2086670363705,128.779119121649,194.5,118.1,108.2,128.8,none,complete,2024-01-31
2019,AMI,AMI,Female,Female,DCO added,DCO added,188.539400294422,97.62116841251415,86.0871916417377,110.595151158785,188.5,97.6,86.1,110.6,none,complete,2024-01-31
2020,Stroke,Stroke,Female,Female,Without DCO,Without DCO,196.4589636107521,110.1012274116311,97.15540840952097,124.5626012277174,196.5,110.1,97.2,124.6,none,complete,2024-01-31
2020,Stroke,Stroke,Total,Total,Without DCO,Without DCO,199.8594239220726,124.3044554319664,113.9666399630902,135.4418859598195,199.9,124.3,114.0,135.4,none,complete,2024-01-31
2020,Stroke,Stroke,Male,Male,Without DCO,Without DCO,203.5491571214448,139.3940110249097,123.1230133888363,157.4237328754761,203.5,139.4,123.1,157.4,none,complete,2024-01-31
2020,Stroke,Stroke,Male,Male,DCO added,DCO added,247.9598823115782,169.2885156009286,151.3513904033389,188.9735118307052,248.0,169.3,151.4,189.0,none,complete,2024-01-31
2020,Stroke,Stroke,Female,Female,DCO added,DCO added,248.302301230256,136.2459339427595,121.9000055529742,152.0890614345473,248.3,136.2,121.9,152.1,none,complete,2024-01-31
2020,Stroke,Stroke,Total,Total,DCO added,DCO added,248.1380769476532,152.2967232405502,140.9054751085872,164.4795367974783,248.1,152.3,140.9,164.5,none,complete,2024-01-31
2020,AMI,AMI,Total,Total,Without DCO,Without DCO,103.3021178709114,62.98770294419463,55.83784519557891,70.92963588663072,103.3,63.0,55.8,70.9,none,complete,2024-01-31
2020,AMI,AMI,Male,Male,Without DCO,Without DCO,122.8696730260358,84.74657553274776,72.19721667354405,99.06846197139467,122.9,84.7,72.2,99.1,none,complete,2024-01-31
2020,AMI,AMI,Female,Female,Without DCO,Without DCO,85.26864740050002,45.543953356423,37.71918180798311,54.85987763999184,85.3,45.5,37.7,54.9,none,complete,2024-01-31
2020,AMI,AMI,Total,Total,DCO added,DCO added,194.1795823896513,116.7731476771192,106.9842018856668,127.3430470514833,194.2,116.8,107.0,127.3,none,complete,2024-01-31
2020,AMI,AMI,Male,Male,DCO added,DCO added,210.9509446531337,146.6260823907929,129.8569657595405,165.160503552367,211.0,146.6,129.9,165.2,none,complete,2024-01-31
2020,AMI,AMI,Female,Female,DCO added,DCO added,178.723084951448,91.14145817102035,80.06937830760302,103.6502342723803,178.7,91.1,80.1,103.7,none,complete,2024-01-31
2021,Stroke,Stroke,Total,Total,Without DCO,Without DCO,187.4912501129732,113.5852422436619,103.8608467705849,124.0973992190935,187.5,113.6,103.9,124.1,none,complete,2024-01-31
2021,Stroke,Stroke,Female,Female,Without DCO,Without DCO,179.1681285105542,98.03239321958436,86.02340705386557,111.5394413173595,179.2,98.0,86.0,111.5,none,complete,2024-01-31
2021,Stroke,Stroke,Male,Male,Without DCO,Without DCO,196.5173578019608,133.0451041286265,117.2831818402135,150.5509683899879,196.5,133.0,117.3,150.6,none,complete,2024-01-31
2021,Stroke,Stroke,Total,Total,DCO added,DCO added,244.9082302987987,144.7094045270133,133.8750938685114,156.3155640351584,244.9,144.7,133.9,156.3,none,complete,2024-01-31
2021,Stroke,Stroke,Male,Male,DCO added,DCO added,246.7548778415597,166.8717204803742,149.19643929265,186.2799160230567,246.8,166.9,149.2,186.3,none,complete,2024-01-31
2021,Stroke,Stroke,Female,Female,DCO added,DCO added,243.2054063812466,126.9475467962004,113.5885418428329,141.7555840766808,243.2,126.9,113.6,141.8,none,complete,2024-01-31
2021,AMI,AMI,Total,Total,Without DCO,Without DCO,71.23958652685749,44.77428340688308,38.64553193759821,51.72073949017386,71.2,44.8,38.6,51.7,none,complete,2024-01-31
2021,AMI,AMI,Female,Female,Without DCO,Without DCO,60.63103968608109,34.016850240944,27.0285533134571,42.57642628003833,60.6,34.0,27.0,42.6,none,complete,2024-01-31
2021,AMI,AMI,Male,Male,Without DCO,Without DCO,82.74415065345715,57.16647908257449,46.91812495693289,69.21037837454801,82.7,57.2,46.9,69.2,none,complete,2024-01-31
2021,AMI,AMI,Total,Total,DCO added,DCO added,165.5168502887684,97.26958746214657,88.47609745461877,106.8351905507095,165.5,97.3,88.5,106.8,none,complete,2024-01-31
2021,AMI,AMI,Female,Female,DCO added,DCO added,151.2369753967416,76.49492208525297,66.4020623946023,88.03130884674842,151.2,76.5,66.4,88.0,none,complete,2024-01-31
2021,AMI,AMI,Male,Male,DCO added,DCO added,181.0028295544375,121.9650498631947,106.9828830446053,138.6827121113199,181.0,122.0,107.0,138.7,none,complete,2024-01-31
2022,Stroke,Stroke,Female,Female,Without DCO,Without DCO,194.6816512543693,106.1756868524164,93.64366361333107,120.2067469722034,194.7,106.2,93.6,120.2,none,complete,2024-01-31
2022,Stroke,Stroke,Total,Total,Without DCO,Without DCO,201.5457746229429,119.5777561015874,109.6905127585107,130.2445488783495,201.5,119.6,109.7,130.2,none,complete,2024-01-31
2022,Stroke,Stroke,Male,Male,Without DCO,Without DCO,208.9925892557131,135.5505191398752,119.9514079671237,152.8561877342873,209.0,135.6,120.0,152.9,none,complete,2024-01-31
2022,Stroke,Stroke,Total,Total,DCO added,DCO added,272.0336641659405,158.7171615823138,147.4153880625054,170.7863446629623,272.0,158.7,147.4,170.8,none,complete,2024-01-31
2022,Stroke,Stroke,Male,Male,DCO added,DCO added,283.5800504388475,187.1214342774146,168.5631566278417,207.3913569310598,283.6,187.1,168.6,207.4,none,complete,2024-01-31
2022,Stroke,Stroke,Female,Female,DCO added,DCO added,261.390748537335,136.0172307234172,122.1411741002344,151.345333654919,261.4,136.0,122.1,151.3,none,complete,2024-01-31
2022,AMI,AMI,Male,Male,Without DCO,Without DCO,99.69611148240732,65.485466952983,54.71760630034315,78.00179842546656,99.7,65.5,54.7,78.0,none,complete,2024-01-31
2022,AMI,AMI,Female,Female,Without DCO,Without DCO,71.47403280317754,38.83014412001152,31.51001176779713,47.68016773408684,71.5,38.8,31.5,47.7,none,complete,2024-01-31
2022,AMI,AMI,Total,Total,Without DCO,Without DCO,85.01052005185642,50.91059513311728,44.52170001382315,58.09401877253681,85.0,50.9,44.5,58.1,none,complete,2024-01-31
2022,AMI,AMI,Female,Female,DCO added,DCO added,174.941204099206,87.94867251057916,77.16329161516951,100.1653099236334,174.9,87.9,77.2,100.2,none,complete,2024-01-31
2022,AMI,AMI,Total,Total,DCO added,DCO added,201.899985123159,116.482951648848,106.9025847087603,126.8283791617239,201.9,116.5,106.9,126.8,none,complete,2024-01-31
2022,AMI,AMI,Male,Male,DCO added,DCO added,231.1472806962481,153.9437922674663,137.0603872534335,172.5554602217523,231.1,153.9,137.1,172.6,none,complete,2024-01-31
2023,Stroke,Stroke,Total,Total,Without DCO,Without DCO,221.0132607956477,130.3501872062091,120.023559515515,141.4555806832856,221.0,130.4,120.0,141.5,none,complete,2024-01-31
2023,Stroke,Stroke,Male,Male,Without DCO,Without DCO,230.4887913744002,153.9648280298717,137.0135356186186,172.6545769567395,230.5,154.0,137.0,172.7,none,complete,2024-01-31
2023,Stroke,Stroke,Female,Female,Without DCO,Without DCO,212.286055459732,111.8957584137626,99.21487070715527,126.0529254681642,212.3,111.9,99.2,126.1,none,complete,2024-01-31
2023,Stroke,Stroke,Total,Total,DCO added,DCO added,284.4128981072197,166.4764486698606,154.8043378204268,178.9227049041336,284.4,166.5,154.8,178.9,none,complete,2024-01-31
2023,Stroke,Stroke,Female,Female,DCO added,DCO added,276.9244377311247,140.9977669941586,126.944196048834,156.4958774,276.9,141.0,126.9,156.5,none,complete,2024-01-31
2023,Stroke,Stroke,Male,Male,DCO added,DCO added,292.5434659752003,197.8576495064347,178.4141870104367,219.0486040700569,292.5,197.9,178.4,219.0,none,complete,2024-01-31
2023,AMI,AMI,Female,Female,Without DCO,Without DCO,71.44242251048672,38.43696779823071,31.09633414941184,47.32269046858389,71.4,38.4,31.1,47.3,none,complete,2024-01-31
2023,AMI,AMI,Male,Male,Without DCO,Without DCO,104.1632037942001,67.9950524118819,57.04588960971078,80.68822313180895,104.2,68.0,57.0,80.7,none,complete,2024-01-31
2023,AMI,AMI,Total,Total,Without DCO,Without DCO,87.13022781366882,52.32590356390453,45.81715082141839,59.63320759055817,87.1,52.3,45.8,59.6,none,complete,2024-01-31
2023,AMI,AMI,Female,Female,DCO added,DCO added,181.6678743838091,89.9231405166835,78.98239260501657,102.3001408788471,181.7,89.9,79.0,102.3,none,complete,2024-01-31
2023,AMI,AMI,Total,Total,DCO added,DCO added,199.7619857191432,115.5663572633009,105.9992534392767,125.9015090866198,199.8,115.6,106.0,125.9,none,complete,2024-01-31
2023,AMI,AMI,Male,Male,DCO added,DCO added,219.4075994814002,144.7701714260257,128.4927885180485,162.7709051213324,219.4,144.8,128.5,162.8,none,complete,2024-01-31
