manual,page,path,manual_review_status,status_source
Public Methods Manual,Public Methods Manual,site/methods/index.qmd,reviewed-by-irh,Page YAML
Public Methods Manual,About BNR surveillance,site/methods/about/index.qmd,reviewed-by-irh,Page YAML
Public Methods Manual,About BNR surveillance,site/methods/about/bnr-surveillance.qmd,reviewed-by-irh,Page YAML
Public Methods Manual,From records to statistics,site/methods/about/records-to-statistics-index.qmd,reviewed-by-irh,Page YAML
Public Methods Manual,From health records to published statistics,site/methods/about/records-to-statistics.qmd,reviewed-by-irh,Page YAML
Public Methods Manual,What BNR reports,site/methods/measures/index.qmd,reviewed-by-irh,Page YAML
Public Methods Manual,Number of CVD events,site/methods/measures/cvd-event-counts.qmd,reviewed-by-irh,Page YAML
Public Methods Manual,CVD event rates,site/methods/measures/incidence.qmd,reviewed-by-irh,Page YAML
Public Methods Manual,CVD mortality,site/methods/measures/mortality.qmd,reviewed-by-irh,Page YAML
Public Methods Manual,Hypertension measures,site/methods/measures/hypertension.qmd,not-used,Page YAML
Public Methods Manual,Diabetes measures,site/methods/measures/diabetes.qmd,not-used,Page YAML
Public Methods Manual,CVD case fatality,site/methods/measures/case-fatality.qmd,reviewed-by-irh,Page YAML
Public Methods Manual,Hospital length of stay,site/methods/measures/length-of-stay.qmd,reviewed-by-irh,Page YAML
Public Methods Manual,Interpreting the measures,site/methods/interpretation/index.qmd,reviewed-by-irh,Page YAML
Public Methods Manual,"Counts, percentages and rates",site/methods/interpretation/counts-percentages-rates.qmd,reviewed-by-irh,Page YAML
Public Methods Manual,How CVD events are classified,site/methods/interpretation/classifying-cvd-events.qmd,reviewed-by-irh,Page YAML
Public Methods Manual,How CVD deaths are classified,site/methods/interpretation/classifying-cvd-deaths.qmd,reviewed-by-irh,Page YAML
Public Methods Manual,Quality and confidentiality,site/methods/interpretation/quality-confidentiality-index.qmd,reviewed-by-irh,Page YAML
Public Methods Manual,Data quality and completeness,site/methods/interpretation/data-quality-completeness.qmd,reviewed-by-irh,Page YAML
Public Methods Manual,Protecting confidentiality,site/methods/interpretation/confidentiality.qmd,reviewed-by-irh,Page YAML
Public Methods Manual,"Releases, revisions and comparability",site/methods/interpretation/revisions-comparability.qmd,reviewed-by-irh,Page YAML
Public Methods Manual,Reference and data access,site/methods/reference/index.qmd,reviewed-by-irh,Page YAML
Public Methods Manual,Glossary,site/methods/reference/glossary.qmd,reviewed-by-irh,Page YAML
Public Methods Manual,Research data access,site/methods/responsible-data-use/research-data-access.qmd,reviewed-by-irh,Page YAML
Operations Manual,Operations Manual,site/operations/index.qmd,reviewed-by-irh,Page YAML
Operations Manual,How the registry works,site/operations/operating-model/section-index.qmd,reviewed-by-irh,Page YAML
Operations Manual,Roles and decision rights,site/operations/operating-model/roles-decision-rights.qmd,reviewed-by-irh,Page YAML
Operations Manual,From cases to statistics,site/operations/operating-model/routine-cycle.qmd,reviewed-by-irh,Page YAML
Operations Manual,BNR operations continuity,site/operations/operating-model/records-handover.qmd,reviewed-by-irh,Page YAML
Operations Manual,Before REDCap,site/operations/pre-redcap/section-index.qmd,reviewed-by-irh,Page YAML
Operations Manual,Identify and assess potential events,site/operations/pre-redcap/identify-assess.qmd,reviewed-by-irh,Page YAML
Operations Manual,Abstract and verify source information,site/operations/pre-redcap/abstract-verify.qmd,reviewed-by-irh,Page YAML
Operations Manual,Working in REDCap,site/operations/redcap/section-index.qmd,reviewed-by-irh,Page YAML
Operations Manual,Create and complete a new record,site/operations/redcap/create-complete-record.qmd,reviewed-by-irh,Page YAML
Operations Manual,Resolve record queries,site/operations/redcap/resolve-record-queries.qmd,reviewed-by-irh,Page YAML
Operations Manual,REDCap database maintenance,site/operations/redcap/database-maintenance.qmd,reviewed-by-irh,Page YAML
Operations Manual,Approve a data record,site/operations/redcap/approve-data-record.qmd,reviewed-by-irh,Page YAML
Operations Manual,Post-REDCap analytics and publishing,site/operations/post-redcap/section-index.qmd,reviewed-by-irh,Page YAML
Operations Manual,Post-REDCap analytics and publishing,site/operations/post-redcap/index.qmd,reviewed-by-irh,Page YAML
Operations Manual,Extract data from REDCap,site/operations/release/data-release.qmd,reviewed-by-irh,Page YAML
Operations Manual,Run the CVD event release workflow,site/operations/post-redcap/cvd-events-workflow.qmd,reviewed-by-irh,Page YAML
Operations Manual,Run the CVD mortality release workflow,site/operations/post-redcap/mortality-workflow.qmd,reviewed-by-irh,Page YAML
Operations Manual,Refresh the CVD dashboards,site/operations/post-redcap/dashboard-regeneration.qmd,reviewed-by-irh,Page YAML
Operations Manual,Refresh the CVD tables,site/operations/post-redcap/tabulation-regeneration.qmd,reviewed-by-irh,Page YAML
Operations Manual,Refresh the Downloads page,site/operations/post-redcap/downloads-page-regeneration.qmd,reviewed-by-irh,Page YAML
Operations Manual,Refresh the report listings,site/operations/post-redcap/report-listings-regeneration.qmd,reviewed-by-irh,Page YAML
Operations Manual,Create a rolling three-month CVD update,site/operations/post-redcap/rolling-update.qmd,reviewed-by-irh,Page YAML
Operations Manual,Create the annual CVD report,site/operations/post-redcap/annual-report.qmd,reviewed-by-irh,Page YAML
Operations Manual,Publish a one-off CVD report,site/operations/post-redcap/one-off-report.qmd,reviewed-by-irh,Page YAML
Operations Manual,"Review, approve and publish",site/operations/release/review-approve-publish.qmd,reviewed-by-irh,Page YAML
Operations Manual,Correct or replace a release,site/operations/release/correct-release.qmd,reviewed-by-irh,Page YAML
Operations Manual,BNR analysis framework,site/operations/data/section-index.qmd,reviewed-by-irh,Page YAML
Operations Manual,BNR analysis framework,site/operations/data/analysis-framework.qmd,reviewed-by-irh,Page YAML
Operations Manual,BNR Information Hub Statistical Analysis Plan,site/operations/data/sap.qmd,reviewed-by-irh,Page YAML
Operations Manual,BNR Metric Specification Register,site/operations/data/sap-metrics.qmd,reviewed-by-irh,Page YAML
Operations Manual,Data sharing,site/operations/governance/section-index.qmd,reviewed-by-irh,Page YAML
Operations Manual,Manage a data-sharing request,site/operations/governance/data-sharing-governance.qmd,reviewed-by-irh,Page YAML
Operations Manual,Standard text for ethics applications,site/operations/governance/ethics-application-wording.qmd,reviewed-by-irh,Page YAML
Operations Manual,Historical refit record,site/operations/bnr-refit/section-index.qmd,reviewed-by-irh,Page YAML
Operations Manual,BNR Refit Audit,site/operations/bnr-refit/index.qmd,reviewed-by-irh,Page YAML
Operations Manual,BNR audit summary,site/operations/bnr-refit/audit-summary.qmd,reviewed-by-irh,Page YAML
Operations Manual,BNR audit findings,site/operations/bnr-refit/audit-full.qmd,reviewed-by-irh,Page YAML
Operations Manual,CVD Dataset rebuild 2025,site/operations/bnr-refit/cvd-data-rebuild.qmd,reviewed-by-irh,Page YAML
Technical Manual,BNR Technical Manual,site/technical/index.qmd,not-reviewed,Page YAML
Technical Manual,Getting started,site/technical/getting-started/section-index.qmd,reviewed-by-irh,Page YAML
Technical Manual,The BNR Info-Hub analytics and publishing environment,site/technical/getting-started/environment.qmd,reviewed-by-irh,Page YAML
Technical Manual,Set up a workstation,site/technical/getting-started/workstation-setup.qmd,reviewed-by-irh,Page YAML
Technical Manual,Run analytical workflows,site/technical/workflows/section-index.qmd,reviewed-by-irh,Page YAML
Technical Manual,Analytical workflows,site/technical/workflows/overview.qmd,not-reviewed,Page YAML
Technical Manual,Run the CVD events workflow,site/technical/workflows/cvd-events/overview.qmd,not-reviewed,Page YAML
Technical Manual,Extract a REDCap release,site/technical/workflows/cvd-events/extract-redcap.qmd,reviewed-by-irh,Page YAML
Technical Manual,Prepare the confidential dataset,site/technical/workflows/cvd-events/prepare-confidential.qmd,not-reviewed,Page YAML
Technical Manual,Create deidentified analytical inputs,site/technical/workflows/cvd-events/create-analysis-inputs.qmd,not-reviewed,Page YAML
Technical Manual,Generate combined CVD metrics,site/technical/workflows/cvd-events/generate-metrics.qmd,not-reviewed,Page YAML
Technical Manual,Review and approve combined CVD metrics,site/technical/workflows/cvd-events/review-approve.qmd,not-reviewed,Page YAML
Technical Manual,Publish approved combined CVD metrics,site/technical/workflows/cvd-events/publish-metrics.qmd,not-reviewed,Page YAML
Technical Manual,Run the CVD mortality workflow,site/technical/workflows/mortality/overview.qmd,not-reviewed,Page YAML
Technical Manual,Extract mortality data,site/technical/workflows/mortality/extract.qmd,not-reviewed,Page YAML
Technical Manual,Classify CVD deaths,site/technical/workflows/mortality/classify.qmd,not-reviewed,Page YAML
Technical Manual,Build mortality burden data,site/technical/workflows/mortality/build-burden.qmd,not-reviewed,Page YAML
Technical Manual,Review the mortality release,site/technical/workflows/mortality/review.qmd,not-reviewed,Page YAML
Technical Manual,Approve the reviewed mortality release,site/technical/workflows/mortality/approve.qmd,not-reviewed,Page YAML
Technical Manual,Publish approved mortality outputs,site/technical/workflows/mortality/publish.qmd,not-reviewed,Page YAML
Technical Manual,BNR reporting and presentation workflows,site/technical/workflows/reporting/overview.qmd,not-reviewed,Page YAML
Technical Manual,Refresh the CVD dashboards,site/technical/workflows/reporting/dashboard-regeneration.qmd,not-reviewed,Page YAML
Technical Manual,Refresh the CVD tables,site/technical/workflows/reporting/tabulation-regeneration.qmd,not-reviewed,Page YAML
Technical Manual,Rebuild the Downloads page,site/technical/workflows/reporting/downloads-page-regeneration.qmd,not-reviewed,Page YAML
Technical Manual,Rebuild the report listings,site/technical/workflows/reporting/report-listings-regeneration.qmd,not-reviewed,Page YAML
Technical Manual,Build a rolling three-month CVD update,site/technical/workflows/reporting/rolling-update.qmd,not-reviewed,Page YAML
Technical Manual,"Build, approve and publish an annual CVD report",site/technical/workflows/reporting/annual-report.qmd,not-reviewed,Page YAML
Technical Manual,"Prepare, approve and publish a one-off CVD report",site/technical/workflows/reporting/one-off-report.qmd,not-reviewed,Page YAML
Technical Manual,Review and publication controls,site/technical/controls/section-index.qmd,not-reviewed,Page YAML
Technical Manual,Review an analytical package,site/technical/controls/review-release.qmd,not-reviewed,Page YAML
Technical Manual,Review disclosure control,site/technical/controls/disclosure-control.qmd,not-reviewed,Page YAML
Technical Manual,Approve and publish an analytical package,site/technical/controls/approve-publish.qmd,not-reviewed,Page YAML
Technical Manual,Operate the website,site/technical/website/section-index.qmd,not-reviewed,Page YAML
Technical Manual,Render and publish the website,site/technical/website/render-publish.qmd,not-reviewed,Page YAML
Technical Manual,Update website content,site/technical/website/update-content.qmd,not-reviewed,Page YAML
Technical Manual,Maintain and recover,site/technical/maintenance/section-index.qmd,not-reviewed,Page YAML
Technical Manual,Make a safe code change,site/technical/maintenance/safe-code-change.qmd,not-reviewed,Page YAML
Technical Manual,"Files, releases and versions",site/technical/maintenance/files-releases-versions.qmd,not-reviewed,Page YAML
Technical Manual,Fix common problems,site/technical/maintenance/troubleshooting.qmd,not-reviewed,Page YAML
Technical Manual,System reference,site/technical/reference/section-index.qmd,not-reviewed,Page YAML
Technical Manual,System reference,site/technical/reference/index.qmd,not-reviewed,Page YAML
Technical Manual,Validation of BNR CVD Suppression Rules,site/technical/reference/bnr-suppression-validation-2024-2025.qmd,not-reviewed,Page YAML
Technical Manual,Set up a workstation,site/technical/getting-started/workstation-setup-pass1.qmd,reviewed-by-irh,Page YAML
Technical Manual,Set up a workstation,site/technical/getting-started/workstation-setup-pass2.qmd,reviewed-by-irh,Page YAML
