path,type,workflow,status,known_executable_use,recommended_action,caveat
ado/bnr_workbook.ado,ADO,Briefings,Active indirect dependency,Called by common/bnr_stage_briefing.do,Retain,ADO commands omit the extension in ordinary calls
ado/bnr_yml.ado,ADO,Briefings and metadata,Active indirect dependency,Called by common/bnr_stage_briefing.do,Retain,Also referenced by historical publishers
annual/build_cvd_annual_tabulations.do,DO,Historical annual tables,Coupled historical pathway,Calls bnrcvd_prep_2023_v1.do,Move with the old 2023 preparation unit,The new tables workflow is the current operational replacement
briefings/ad-hoc/cvd_ad_hoc_workflow_test_2026_v1.do,DO,Ad-hoc briefings,Non-routine support,Calls common/bnr_stage_briefing.do,Retain pending role and folder-name decision,Internal ad_hoc path differs from the ad-hoc folder name
briefings/bnr_step1_build_briefing.do,DO,Briefings Step 1,Active direct controller,Dispatched by current menu/dialog and calls three current analyses,Retain,
briefings/bnr_step2_approve_briefing.do,DO,Briefings Step 2,Active direct controller,Dispatched by current menu/dialog,Retain,
briefings/bnr_step3_publish_briefing.do,DO,Briefings Step 3,Active direct controller,Dispatched by current menu/dialog,Retain,
briefings/cvd_case_fatality/cvd_case_fatality.do,DO,Case-fatality briefing,Active analysis,Called by briefing Step 1,Retain,
briefings/cvd_case_fatality/cvd_case_fatality_equivalence_check.do,DO,Case-fatality validation,Validation evidence,Manual one-time equivalence check,Retain through handover then archive,Not part of routine operations
briefings/cvd_case_fatality/cvd_case_fatality_pre1.do,DO,Case-fatality briefing,Direct retirement candidate,No caller and superseded by cvd_case_fatality.do,Move to holding bay after diff confirmation,No operational or documentary caller found
briefings/cvd_cases_2023/cvd_cases_2023.do,DO,Historical case-count briefing,Coupled historical pathway,Calls bnrcvd_prep_2023_v1.do and bnr_publish_briefing.do,Move with the old 2023 preparation/publication unit,Produces superseded weekly v1 outputs
briefings/cvd_cases_2023/cvd_cases_2023_v2.do,DO,Case-count migration pilot,Migration evidence,Calls active bnr_stage_briefing.do but is not dispatched by the current menu,Retain as a frozen example outside the live briefing tree,Case counts are no longer an operational briefing product
briefings/cvd_cases_2023/cvd_cases_2023_v2_equivalence_check.do,DO,Case-count validation,Validation evidence,Manual one-time v2 equivalence check,Retain with the v2 migration example,Depends on historical prepared evidence for comparison
briefings/cvd_incidence/cvd_incidence.do,DO,Incidence briefing,Active analysis,Called by briefing Step 1,Retain,
briefings/cvd_incidence/cvd_incidence_equivalence_check.do,DO,Incidence validation,Validation evidence,Manual one-time equivalence check,Retain through handover then archive,Not part of routine operations
briefings/cvd_length_of_stay/cvd_length_of_stay.do,DO,Length-of-stay briefing,Active analysis,Called by briefing Step 1,Retain,
common/bnr_apply_suppression.do,DO,Legacy Metrics Step 5,Legacy indirect dependency,Called only by monthly/bnr_cvd_review_controller.do,Retire with the old review controller,Documentation must be corrected first
common/bnr_approve_publish_briefing.do,DO,Legacy combined briefing approval/publication,Direct retirement candidate,No current controller caller,Retire with its help file after documentation corrections,Current operations page still instructs users to run it
common/bnr_publish_briefing.do,DO,Historical combined publisher,Historical dependency,Called by historical forensics2 and v1 case-count code,Archive with those historical pathways or retain together,Do not remove alone
common/bnr_publish_metric.do,DO,Legacy combined metric publisher,Direct retirement candidate,No current executable caller,Move to holding bay after documentation correction,Only historical documentation and self-references found
common/bnr_stage_briefing.do,DO,Briefings Step 1,Active shared helper,Called by all three current briefing analyses,Retain,Also used by retained migration/ad-hoc examples
common/bnr_stage_metric.do,DO,Legacy Metrics Step 4,Legacy indirect dependency,Called only by monthly/bnr_cvd_metric_controller.do,Retire with the old metric controller,Replaced by bnr_step4_stage_metric.do
common/bnr_step4_stage_metric.do,DO,Metrics Step 4,Active shared helper,Called by monthly/bnr_step4_metrics.do,Retain,
common/bnr_step5_suppress.do,DO,Metrics Step 5,Active shared helper,Called by monthly/bnr_step5_review.do,Retain,
common/bnrcvd_globals.do,DO,Shared display and metadata,Active shared helper,Called by all three current briefings and other scripts,Retain,
common/bnrcvd_prep_2023_v1.do,DO,Historical 2023 preparation,Coupled historical pathway,Called by the old annual builder and v1 case-count code,Move with the historical 2023 unit,Validation evidence may still expect its prepared output
common/mirror_public_to_site.do,DO,Historical combined publisher,Historical dependency,Called only through bnr_publish_briefing.do,Archive with the historical publisher/forensics unit,Not used by current Briefing Step 3
config/bnr_paths_LOCAL.do,DO,All local Stata workflows,Active local configuration,Loaded by current analyses and controllers,Retain locally and keep gitignored,Not expected to be tracked
config/bnr_paths_TEMPLATE.do,DO,All local Stata workflows,Active setup template,Source for local configuration and adopath setup,Retain,
menu/bnr_menu.do,DO,All current workflows,Active entry point,Dispatches current metrics briefings and tables dialogs,Retain,
metrics/cvd/bnr_step4_cvd_burden.do,DO,Metrics Step 4,Active analysis,Called by monthly/bnr_step4_metrics.do,Retain,
monthly/bnr_cvd_create_metric_inputs.do,DO,Legacy Metrics Step 3,Direct retirement candidate,Referenced only by old dialog/help and documentation,Retire with matching dialog/help,Replaced by bnr_step3_metric_inputs.do
monthly/bnr_cvd_metric_controller.do,DO,Legacy Metrics Step 4,Direct retirement candidate,Calls only the old stage helper and has old dialog/help,Retire with matching dialog/help and bnr_stage_metric.do,Replaced by bnr_step4_metrics.do
monthly/bnr_cvd_prepare_confidential.do,DO,Legacy Metrics Step 2,Direct retirement candidate,Referenced only by old dialog/help and documentation,Retire with matching dialog/help,Replaced by bnr_step2_cvd_confidential.do
monthly/bnr_cvd_redcap_extract_pre.do,DO,Legacy Metrics Step 1,Direct retirement candidate,No current caller,Retire with matching pre dialog/help,Replaced by bnr_step1_cvd_redcap_extract.do
monthly/bnr_cvd_review_controller.do,DO,Legacy Metrics Step 5,Direct retirement candidate,Calls only the old suppression helper and has old dialog/help,Retire with matching dialog/help and bnr_apply_suppression.do,Replaced by bnr_step5_review.do
monthly/bnr_step1_cvd_redcap_extract.do,DO,Metrics Step 1,Active controller,Dispatched by current menu/dialog,Retain,
monthly/bnr_step2_cvd_confidential.do,DO,Metrics Step 2,Active controller,Dispatched by current menu/dialog,Retain,
monthly/bnr_step3_metric_inputs.do,DO,Metrics Step 3,Active controller,Dispatched by current menu/dialog,Retain,
monthly/bnr_step4_metrics.do,DO,Metrics Step 4,Active controller,Dispatched by current menu/dialog,Retain,
monthly/bnr_step5_review.do,DO,Metrics Step 5,Active controller,Dispatched by current menu/dialog,Retain,
monthly/bnr_step6_publish.do,DO,Metrics Step 6,Active controller,Dispatched by current menu/dialog,Retain,
refit/bnrcvd-2023-forensics1.do,DO,Historical refit diagnostics,Historical evidence,No routine caller and documented as legacy-dependent,Move to holding bay rather than delete,Contains hard-coded historical paths
refit/bnrcvd_2023_forensics2.do,DO,Historical refit evidence,Historical runnable product,Calls common/bnr_publish_briefing.do,Archive with its legacy publisher or retain together,Potentially supports an existing public forensics product
tables/bnr_step1_cvd_tables.do,DO,Tables Step 1,Active controller,Dispatched by current menu/dialog,Retain,
tables/bnr_step1_cvd_tables_regression.do,DO,Tables implementation validation,Validation evidence,Explicit one-time comparison,Retain as technical evidence,Not part of monthly operation
tables/bnr_step2a_cvd_tables.do,DO,Tables Step 2A,Active controller,Dispatched by current menu/dialog,Retain,
tables/bnr_step2b_cvd_tables_approve.do,DO,Tables Step 2B,Active controller,Dispatched by current menu/dialog,Retain,
tables/bnr_step3_cvd_tables_publish.do,DO,Tables Step 3,Active controller,Dispatched by current menu/dialog,Retain,
